{
    "schemes": [
        "http"
    ],
    "swagger": "2.0",
    "info": {
        "description": "User OTP Registration API",
        "title": "User OTP Registration API",
        "contact": {},
        "version": "1.0"
    },
    "basePath": "/",
    "paths": {
        "/auth/refresh-token": {
            "post": {
                "description": "Refresh Token",
                "consumes": [
                    "application/json"
                ],
                "produces": [
                    "application/json"
                ],
                "tags": [
                    "auth"
                ],
                "summary": "Refresh Token",
                "parameters": [
                    {
                        "description": "Fields",
                        "name": "fields",
                        "in": "body",
                        "required": true,
                        "schema": {
                            "$ref": "#/definitions/dto.FieldRefreshToken"
                        }
                    }
                ],
                "responses": {
                    "200": {
                        "description": "OK",
                        "schema": {
                            "type": "array",
                            "items": {
                                "$ref": "#/definitions/dto.ResponseAuthOk"
                            }
                        }
                    },
                    "401": {
                        "description": "Unauthorized",
                        "schema": {
                            "$ref": "#/definitions/dto.responseOneMessage"
                        }
                    }
                }
            }
        },
        "/auth/send-otp": {
            "post": {
                "description": "Send OTP",
                "consumes": [
                    "application/json"
                ],
                "produces": [
                    "application/json"
                ],
                "tags": [
                    "auth"
                ],
                "summary": "Send OTP",
                "parameters": [
                    {
                        "description": "Fields",
                        "name": "fields",
                        "in": "body",
                        "required": true,
                        "schema": {
                            "$ref": "#/definitions/dto.FieldAuthSendOTP"
                        }
                    }
                ],
                "responses": {
                    "200": {
                        "description": "OK",
                        "schema": {
                            "type": "array",
                            "items": {
                                "$ref": "#/definitions/dto.responseOneMessage"
                            }
                        }
                    },
                    "400": {
                        "description": "Bad Request",
                        "schema": {
                            "$ref": "#/definitions/dto.responseOneMessage"
                        }
                    },
                    "403": {
                        "description": "Forbidden",
                        "schema": {
                            "$ref": "#/definitions/dto.responseOneMessage"
                        }
                    }
                }
            }
        },
        "/auth/verify-otp": {
            "post": {
                "description": "Verify OTP \u0026 Login or Register user",
                "consumes": [
                    "application/json"
                ],
                "produces": [
                    "application/json"
                ],
                "tags": [
                    "auth"
                ],
                "summary": "Verify OTP",
                "parameters": [
                    {
                        "description": "Fields",
                        "name": "fields",
                        "in": "body",
                        "required": true,
                        "schema": {
                            "$ref": "#/definitions/dto.FieldAuthVerifyOTP"
                        }
                    }
                ],
                "responses": {
                    "200": {
                        "description": "OK",
                        "schema": {
                            "type": "array",
                            "items": {
                                "$ref": "#/definitions/dto.ResponseAuthOk"
                            }
                        }
                    },
                    "401": {
                        "description": "Unauthorized",
                        "schema": {
                            "$ref": "#/definitions/dto.responseOneMessage"
                        }
                    }
                }
            }
        },
        "/profile/update": {
            "post": {
                "description": "Update User Profile",
                "consumes": [
                    "application/json"
                ],
                "produces": [
                    "application/json"
                ],
                "tags": [
                    "user"
                ],
                "summary": "Update user Profile",
                "parameters": [
                    {
                        "description": "user",
                        "name": "user",
                        "in": "body",
                        "required": true,
                        "schema": {
                            "$ref": "#/definitions/dto.UpdateUserDetails"
                        }
                    }
                ],
                "responses": {
                    "200": {
                        "description": "OK",
                        "schema": {
                            "$ref": "#/definitions/dto.ResponseUserDetails"
                        }
                    },
                    "500": {
                        "description": "Internal Server Error",
                        "schema": {
                            "$ref": "#/definitions/dto.responseOneMessage"
                        }
                    }
                }
            }
        },
        "/user/all": {
            "get": {
                "description": "Get list of all users",
                "consumes": [
                    "application/json"
                ],
                "produces": [
                    "application/json"
                ],
                "tags": [
                    "user"
                ],
                "summary": "Get all users",
                "parameters": [
                    {
                        "type": "string",
                        "name": "email",
                        "in": "query"
                    },
                    {
                        "type": "string",
                        "name": "name",
                        "in": "query"
                    },
                    {
                        "type": "integer",
                        "name": "page",
                        "in": "query"
                    },
                    {
                        "type": "integer",
                        "name": "pageSize",
                        "in": "query"
                    },
                    {
                        "type": "string",
                        "name": "phoneNumber",
                        "in": "query"
                    }
                ],
                "responses": {
                    "200": {
                        "description": "OK",
                        "schema": {
                            "type": "array",
                            "items": {
                                "$ref": "#/definitions/dto.ResponseUserDetails"
                            }
                        }
                    },
                    "500": {
                        "description": "Internal Server Error",
                        "schema": {
                            "$ref": "#/definitions/dto.responseOneMessage"
                        }
                    }
                }
            }
        },
        "/user/{userID}": {
            "get": {
                "description": "Get User Details by ID",
                "consumes": [
                    "application/json"
                ],
                "produces": [
                    "application/json"
                ],
                "tags": [
                    "user"
                ],
                "summary": "Get user details",
                "parameters": [
                    {
                        "type": "integer",
                        "description": "UserID",
                        "name": "userID",
                        "in": "path",
                        "required": true
                    }
                ],
                "responses": {
                    "200": {
                        "description": "OK",
                        "schema": {
                            "$ref": "#/definitions/dto.ResponseUserDetails"
                        }
                    },
                    "500": {
                        "description": "Internal Server Error",
                        "schema": {
                            "$ref": "#/definitions/dto.responseOneMessage"
                        }
                    }
                }
            }
        }
    },
    "definitions": {
        "dto.FieldAuthSendOTP": {
            "type": "object",
            "required": [
                "phoneNumber"
            ],
            "properties": {
                "phoneNumber": {
                    "type": "string"
                }
            }
        },
        "dto.FieldAuthVerifyOTP": {
            "type": "object",
            "required": [
                "code",
                "phoneNumber"
            ],
            "properties": {
                "code": {
                    "type": "string"
                },
                "phoneNumber": {
                    "type": "string"
                }
            }
        },
        "dto.FieldRefreshToken": {
            "type": "object",
            "required": [
                "refreshToken"
            ],
            "properties": {
                "refreshToken": {
                    "type": "string"
                }
            }
        },
        "dto.ResponseAuthOk": {
            "type": "object",
            "properties": {
                "accessToken": {
                    "type": "string"
                },
                "refreshToken": {
                    "type": "string"
                }
            }
        },
        "dto.ResponseUserDetails": {
            "type": "object",
            "properties": {
                "email": {
                    "type": "string"
                },
                "firstName": {
                    "type": "string"
                },
                "id": {
                    "type": "integer"
                },
                "lastName": {
                    "type": "string"
                },
                "phoneNumber": {
                    "type": "string"
                }
            }
        },
        "dto.UpdateUserDetails": {
            "type": "object",
            "properties": {
                "email": {
                    "type": "string"
                },
                "firstName": {
                    "type": "string"
                },
                "lastName": {
                    "type": "string"
                }
            }
        },
        "dto.responseOneMessage": {
            "type": "object",
            "properties": {
                "code": {
                    "type": "integer"
                },
                "message": {
                    "type": "string"
                }
            }
        }
    }
}